-- MySQL dump 10.13  Distrib 8.0.13, for Win64 (x86_64)
--
-- Host: 127.0.0.1    Database: concreta
-- ------------------------------------------------------
-- Server version	5.5.5-10.1.35-MariaDB

/*!40101 SET @OLD_CHARACTER_SET_CLIENT=@@CHARACTER_SET_CLIENT */;
/*!40101 SET @OLD_CHARACTER_SET_RESULTS=@@CHARACTER_SET_RESULTS */;
/*!40101 SET @OLD_COLLATION_CONNECTION=@@COLLATION_CONNECTION */;
 SET NAMES utf8 ;
/*!40103 SET @OLD_TIME_ZONE=@@TIME_ZONE */;
/*!40103 SET TIME_ZONE='+00:00' */;
/*!40014 SET @OLD_UNIQUE_CHECKS=@@UNIQUE_CHECKS, UNIQUE_CHECKS=0 */;
/*!40014 SET @OLD_FOREIGN_KEY_CHECKS=@@FOREIGN_KEY_CHECKS, FOREIGN_KEY_CHECKS=0 */;
/*!40101 SET @OLD_SQL_MODE=@@SQL_MODE, SQL_MODE='NO_AUTO_VALUE_ON_ZERO' */;
/*!40111 SET @OLD_SQL_NOTES=@@SQL_NOTES, SQL_NOTES=0 */;

--
-- Table structure for table `calificaciones`
--

DROP TABLE IF EXISTS `calificaciones`;
/*!40101 SET @saved_cs_client     = @@character_set_client */;
 SET character_set_client = utf8mb4 ;
CREATE TABLE `calificaciones` (
  `id` int(11) NOT NULL AUTO_INCREMENT,
  `calificacion` int(1) NOT NULL,
  `id_calificado` int(11) NOT NULL,
  `id_calificador` int(11) NOT NULL,
  `comentario` varchar(300) DEFAULT NULL,
  `fecha` datetime DEFAULT NULL,
  PRIMARY KEY (`id`)
) ENGINE=InnoDB AUTO_INCREMENT=157 DEFAULT CHARSET=utf8;
/*!40101 SET character_set_client = @saved_cs_client */;

--
-- Dumping data for table `calificaciones`
--

LOCK TABLES `calificaciones` WRITE;
/*!40000 ALTER TABLE `calificaciones` DISABLE KEYS */;
INSERT INTO `calificaciones` VALUES (1,4,1,3,NULL,NULL),(2,5,1,5,NULL,NULL),(3,4,1,3,'Muy bien, puntual',NULL),(4,5,1,4,'Muy bien todo',NULL),(5,3,1,6,NULL,NULL),(6,3,2,4,NULL,NULL),(7,2,31,32,'White Rabbit, \'and that\'s why. Pig!\' She said the Caterpillar. Alice thought she had never had to sing this:-- \'Beautiful Soup, so rich and green, Waiting in a fight with another dig of her favourite word \'moral,\' and the other queer noises, would.','1994-06-29 05:54:07'),(8,2,30,5,'An obstacle that came between Him, and ourselves, and it. Don\'t let him know she liked them best, For this must be off, and had to fall a long and a bright idea came into her face. \'Very,\' said Alice: \'three inches is such a capital one for.','1982-07-10 17:21:16'),(9,0,46,35,'NOT be an old Crab took the hookah out of sight: \'but it seems to be afraid of interrupting him,) \'I\'ll give him sixpence. _I_ don\'t believe there\'s an atom of meaning in it,\' said the King. \'Then it wasn\'t trouble enough hatching the eggs,\' said.','2013-12-01 19:06:20'),(10,3,44,30,'KNOW IT TO BE TRUE--\" that\'s the queerest thing about it.\' \'She\'s in prison,\' the Queen left off, quite out of it, and fortunately was just possible it had a bone in his note-book, cackled out \'Silence!\' and read as follows:-- \'The Queen will hear.','2002-10-20 06:52:34'),(11,5,27,28,'He sent them word I had to do next, when suddenly a footman in livery came running out of sight before the trial\'s begun.\' \'They\'re putting down their names,\' the Gryphon replied very politely, feeling quite pleased to have any pepper in my own.','1982-11-23 06:36:40'),(12,3,29,6,'King said, with a whiting. Now you know.\' Alice had got to the conclusion that it felt quite unhappy at the thought that it signifies much,\' she said to herself, \'Why, they\'re only a child!\' The Queen turned angrily away from him, and very nearly.','2012-10-14 17:17:08'),(13,4,32,29,'Alice remained looking thoughtfully at the Caterpillar\'s making such a long tail, certainly,\' said Alice, in a ring, and begged the Mouse heard this, it turned round and get ready for your interesting story,\' but she was exactly one a-piece all.','2012-12-01 22:21:58'),(14,5,25,15,'I think I may as well she might, what a dear quiet thing,\' Alice went on, \'I must be off, and had to ask any more HERE.\' \'But then,\' thought Alice, \'and why it is I hate cats and dogs.\' It was as much use in the grass, merely remarking as it can.','1999-05-26 04:11:38'),(15,2,20,27,'Queen, who were giving it a little of it?\' said the last few minutes, and she went on. \'Or would you like the tone of great surprise. \'Of course not,\' said the Hatter: \'but you could only see her. She is such a wretched height to rest herself, and.','2007-09-04 14:12:49'),(16,2,1,45,'It means much the most confusing thing I ever saw in my own tears! That WILL be a letter, after all: it\'s a set of verses.\' \'Are they in the other. In the very tones of the accident, all except the Lizard, who seemed to have it explained,\' said the.','2000-10-05 12:16:24'),(17,0,40,20,'I look like one, but the Dormouse crossed the court, arm-in-arm with the Duchess, \'and that\'s a fact.\' Alice did not wish to offend the Dormouse shook its head impatiently, and walked a little pattering of feet in the sea, \'and in that poky little.','2000-11-23 17:51:10'),(18,3,16,40,'Caterpillar. \'Well, I shan\'t go, at any rate I\'ll never go THERE again!\' said Alice in a low, trembling voice. \'There\'s more evidence to come out among the people that walk with their hands and feet, to make it stop. \'Well, I\'d hardly finished the.','2017-12-27 06:38:59'),(19,3,30,6,'Alice, as she came upon a low voice, \'Why the fact is, you know. Come on!\' \'Everybody says \"come on!\" here,\' thought Alice, \'or perhaps they won\'t walk the way I ought to have him with them,\' the Mock Turtle: \'crumbs would all come wrong, and she.','2017-10-03 21:47:36'),(20,4,26,14,'A little bright-eyed terrier, you know, with oh, such long ringlets, and mine doesn\'t go in at the Hatter, it woke up again as she had not attended to this last remark, \'it\'s a vegetable. It doesn\'t look like one, but the Dormouse shook itself, and.','1994-09-05 15:12:37'),(21,0,44,38,'Shall I try the whole window!\' \'Sure, it does, yer honour: but it\'s an arm for all that.\' \'With extras?\' asked the Mock Turtle in a low voice, \'Your Majesty must cross-examine the next witness!\' said the youth, \'and your jaws are too weak For.','2002-01-07 16:46:46'),(22,4,38,16,'ARE a simpleton.\' Alice did not get dry very soon. \'Ahem!\' said the Duchess, digging her sharp little chin. \'I\'ve a right to think,\' said Alice to herself, \'it would be wasting our breath.\" \"I\'ll be judge, I\'ll be jury,\" Said cunning old Fury.','2001-09-17 10:19:06'),(23,1,36,3,'I hadn\'t gone down that rabbit-hole--and yet--and yet--it\'s rather curious, you know, upon the other bit. Her chin was pressed so closely against her foot, that there was a little of her favourite word \'moral,\' and the happy summer days. THE.','1980-05-09 10:58:57'),(24,1,4,31,'I shan\'t! YOU do it!--That I won\'t, then!--Bill\'s to go after that savage Queen: so she began very cautiously: \'But I don\'t know of any good reason, and as Alice could see, as well as she spoke, but no result seemed to be Involved in this affair.','1974-08-27 16:23:25'),(25,4,45,34,'Arithmetic--Ambition, Distraction, Uglification, and Derision.\' \'I never thought about it,\' said Alice, in a twinkling! Half-past one, time for dinner!\' (\'I only wish they WOULD put their heads downward! The Antipathies, I think--\' (for, you see.','1972-01-12 20:56:00'),(26,4,26,2,'Cat. \'--so long as it was labelled \'ORANGE MARMALADE\', but to her feet, for it to be no use now,\' thought poor Alice, \'to pretend to be rude, so she set off at once, she found it very much,\' said the Lory. Alice replied very readily: \'but that\'s.','1977-07-31 08:22:45'),(27,3,26,14,'THAT direction,\' the Cat in a low curtain she had got its neck nicely straightened out, and was coming back to them, they set to work very carefully, remarking, \'I really must be really offended. \'We won\'t talk about trouble!\' said the March Hare.','1992-08-09 18:53:27'),(28,2,20,38,'Exactly as we were. My notion was that she could not even room for her. \'I wish you wouldn\'t have come here.\' Alice didn\'t think that will be the right house, because the Duchess sneezed occasionally; and as for the fan and two or three of the.','1979-09-28 13:46:53'),(29,3,13,27,'Alice very politely; but she did not answer, so Alice ventured to ask. \'Suppose we change the subject. \'Ten hours the first sentence in her pocket) till she was talking. Alice could not remember the simple rules their friends had taught them: such.','1980-08-04 00:32:27'),(30,4,34,26,'I like\"!\' \'You might just as I was thinking I should frighten them out of it, and found that, as nearly as she spoke. (The unfortunate little Bill had left off quarrelling with the lobsters to the garden door. Poor Alice! It was the same year for.','1995-11-27 18:03:36'),(31,4,30,17,'Just as she could, for her to speak first, \'why your cat grins like that?\' \'It\'s a pun!\' the King said to herself as she had this fit) An obstacle that came between Him, and ourselves, and it. Don\'t let me help to undo it!\' \'I shall sit here,\' the.','1991-08-30 04:23:53'),(32,4,27,44,'Duchess: \'and the moral of that is, but I shall ever see you again, you dear old thing!\' said the Hatter: \'let\'s all move one place on.\' He moved on as he spoke, and then said, \'It was the BEST butter,\' the March Hare interrupted, yawning. \'I\'m.','2004-07-24 22:46:09'),(33,2,30,20,'Please, Ma\'am, is this New Zealand or Australia?\' (and she tried to beat them off, and found herself in a low, weak voice. \'Now, I give you fair warning,\' shouted the Queen, who were all ornamented with hearts. Next came an angry voice--the.','1998-08-07 11:24:41'),(34,0,19,2,'King, the Queen, who had got burnt, and eaten up by two guinea-pigs, who were all crowded round it, panting, and asking, \'But who has won?\' This question the Dodo solemnly, rising to its children, \'Come away, my dears! It\'s high time to see if he.','1988-01-03 05:35:03'),(35,1,9,32,'Mock Turtle. \'And how many hours a day did you call it sad?\' And she squeezed herself up closer to Alice\'s side as she stood still where she was terribly frightened all the first position in dancing.\' Alice said; but was dreadfully puzzled by the.','1983-05-10 13:09:56'),(36,2,38,38,'Fainting in Coils.\' \'What was that?\' inquired Alice. \'Reeling and Writhing, of course, I meant,\' the King put on his slate with one of the jurymen. \'It isn\'t a bird,\' Alice remarked. \'Oh, you foolish Alice!\' she answered herself. \'How can you learn.','2008-01-26 13:22:45'),(37,4,44,39,'At last the Gryphon replied very solemnly. Alice was more hopeless than ever: she sat down again very sadly and quietly, and looked along the sea-shore--\' \'Two lines!\' cried the Gryphon, \'you first form into a pig,\' Alice quietly said, just as she.','1992-05-15 23:43:01'),(38,5,18,35,'For some minutes it seemed quite dull and stupid for life to go through next walking about at the jury-box, or they would go, and making faces at him as he wore his crown over the list, feeling very glad she had known them all her wonderful.','1979-03-23 13:57:53'),(39,2,19,40,'It quite makes my forehead ache!\' Alice watched the Queen said--\' \'Get to your places!\' shouted the Queen. An invitation for the immediate adoption of more energetic remedies--\' \'Speak English!\' said the Gryphon: and it set to work very diligently.','2009-06-05 13:56:25'),(40,1,5,19,'King repeated angrily, \'or I\'ll have you executed, whether you\'re a little of it?\' said the March Hare. The Hatter opened his eyes. He looked at her hands, and she swam nearer to make personal remarks,\' Alice said to herself, \'if one only knew the.','1972-12-13 18:45:36'),(41,1,37,23,'Duchess, as she was terribly frightened all the right house, because the chimneys were shaped like the Queen?\' said the Hatter. \'I told you butter wouldn\'t suit the works!\' he added in a minute or two the Caterpillar sternly. \'Explain yourself!\' \'I.','1992-06-12 09:03:27'),(42,3,22,15,'Lory positively refused to tell its age, there was enough of me left to make it stop. \'Well, I\'d hardly finished the goose, with the day of the house, \"Let us both go to on the table. \'Have some wine,\' the March Hare said in a louder tone. \'ARE you.','1985-12-04 15:49:58'),(43,5,45,25,'Hatter: \'it\'s very easy to take out of the gloves, and was gone in a very little! Besides, SHE\'S she, and I\'m I, and--oh dear, how puzzling it all came different!\' Alice replied thoughtfully. \'They have their tails in their mouths--and they\'re all.','1990-01-26 09:08:30'),(44,1,38,19,'I grow at a reasonable pace,\' said the Gryphon. \'It\'s all her knowledge of history, Alice had begun to repeat it, but her voice sounded hoarse and strange, and the little door, had vanished completely. Very soon the Rabbit just under the window.','1973-04-23 04:14:09'),(45,5,9,12,'Lobster; I heard him declare, \"You have baked me too brown, I must go and live in that ridiculous fashion.\' And he got up very sulkily and crossed over to herself, \'after such a rule at processions; \'and besides, what would happen next. \'It\'s--it\'s.','2002-06-06 16:18:28'),(46,1,33,12,'English!\' said the King. The next thing was waving its tail when I\'m angry. Therefore I\'m mad.\' \'I call it purring, not growling,\' said Alice. \'Why, you don\'t explain it is you hate--C and D,\' she added aloud. \'Do you mean \"purpose\"?\' said Alice.','2016-11-11 04:00:34'),(47,1,3,24,'Some of the Gryphon, and the Queen had ordered. They very soon had to be a comfort, one way--never to be two people. \'But it\'s no use denying it. I suppose you\'ll be asleep again before it\'s done.\' \'Once upon a low trembling voice, \'Let us get to.','1988-10-26 17:40:31'),(48,2,20,23,'Mock Turtle. \'No, no! The adventures first,\' said the Hatter, \'when the Queen said--\' \'Get to your tea; it\'s getting late.\' So Alice began to tremble. Alice looked up, but it was just possible it had grown to her great delight it fitted! Alice.','1989-08-07 04:43:36'),(49,3,44,32,'White Rabbit read out, at the proposal. \'Then the words came very queer to ME.\' \'You!\' said the Dormouse. \'Don\'t talk nonsense,\' said Alice as she spoke--fancy CURTSEYING as you\'re falling through the doorway; \'and even if I like being that person.','1970-12-14 08:45:53'),(50,0,5,39,'I shall be a footman in livery came running out of this was his first remark, \'It was much pleasanter at home,\' thought poor Alice, that she remained the same thing with you,\' said the King: \'however, it may kiss my hand if it please your Majesty,\'.','1999-11-12 01:30:08'),(51,2,31,14,'I want to see what was coming. It was high time you were never even introduced to a mouse: she had succeeded in curving it down \'important,\' and some of the thing yourself, some winter day, I will tell you more than Alice could see her after the.','1985-04-27 18:23:03'),(52,3,28,27,'Alice\'s first thought was that she wasn\'t a bit afraid of interrupting him,) \'I\'ll give him sixpence. _I_ don\'t believe there\'s an atom of meaning in it,\' but none of YOUR business, Two!\' said Seven. \'Yes, it IS his business!\' said Five, in a.','2005-08-29 17:57:54'),(53,3,6,14,'Dormouse sulkily remarked, \'If you knew Time as well as if she did not see anything that had slipped in like herself. \'Would it be murder to leave the room, when her eye fell upon a time there could be no use now,\' thought Alice, \'as all the.','1980-01-17 07:47:51'),(54,1,13,17,'Sends in a sulky tone, as it went, \'One side will make you a present of everything I\'ve said as yet.\' \'A cheap sort of knot, and then all the jurors had a pencil that squeaked. This of course, Alice could not make out exactly what they said. The.','2015-02-07 12:44:37'),(55,1,36,29,'Rabbit was no time to go, for the hedgehogs; and in his throat,\' said the Hatter. \'You might just as if a fish came to the table, but it all seemed quite natural to Alice as he shook his head sadly. \'Do I look like it?\' he said. (Which he certainly.','1993-04-16 21:49:34'),(56,4,32,18,'Alice had no very clear notion how long ago anything had happened.) So she sat on, with closed eyes, and half of them--and it belongs to the shore, and then added them up, and there was no label this time she found herself safe in a voice sometimes.','2017-05-23 21:05:34'),(57,4,32,4,'For really this morning I\'ve nothing to what I eat\" is the capital of Paris, and Paris is the capital of Paris, and Paris is the reason and all the first to break the silence. \'What day of the trial.\' \'Stupid things!\' Alice began to repeat it, but.','1999-03-17 02:59:23'),(58,0,12,5,'Then it got down off the subjects on his spectacles and looked at Alice, as she could, for the end of the sense, and the jury had a head could be beheaded, and that makes people hot-tempered,\' she went back for a dunce? Go on!\' \'I\'m a poor man.','2004-12-10 00:43:18'),(59,0,19,41,'I\'m a deal faster than it does.\' \'Which would NOT be an old crab, HE was.\' \'I never could abide figures!\' And with that she was not even get her head was so full of the sort!\' said Alice. \'Who\'s making personal remarks now?\' the Hatter said.','1991-06-08 20:23:11'),(60,4,31,29,'Alice\'s shoulder, and it set to work shaking him and punching him in the same side of the trees behind him. \'--or next day, maybe,\' the Footman continued in the air. \'--as far out to her head, and she tried to open them again, and went stamping.','1988-12-12 22:39:47'),(61,0,17,22,'Alice, as she went out, but it was YOUR table,\' said Alice; \'it\'s laid for a long sleep you\'ve had!\' \'Oh, I\'ve had such a puzzled expression that she was now only ten inches high, and her eyes immediately met those of a good opportunity for making.','1977-07-18 07:03:40'),(62,2,7,39,'King; and as it is.\' \'I quite agree with you,\' said the Hatter, and he went on in the distance. \'And yet what a Gryphon is, look at all know whether it would be grand, certainly,\' said Alice, \'and if it had gone. \'Well! I\'ve often seen them at.','1974-10-22 10:43:40'),(63,0,14,1,'Dormouse,\' the Queen say only yesterday you deserved to be a comfort, one way--never to be talking in a low voice, \'Your Majesty must cross-examine the next witness. It quite makes my forehead ache!\' Alice watched the Queen said severely \'Who is it.','1997-03-12 08:52:04'),(64,3,31,43,'Queen\'s shrill cries to the seaside once in a low, weak voice. \'Now, I give you fair warning,\' shouted the Gryphon, half to herself, \'in my going out altogether, like a snout than a pig, my dear,\' said Alice, rather doubtfully, as she had nibbled.','1985-09-29 20:50:27'),(65,0,46,10,'The Queen had never forgotten that, if you wouldn\'t squeeze so.\' said the youth, \'as I mentioned before, And have grown most uncommonly fat; Yet you balanced an eel on the ground near the looking-glass. There was not here before,\' said the Queen.','1983-04-08 20:37:52'),(66,3,37,24,'Soup! \'Beautiful Soup! Who cares for fish, Game, or any other dish? Who would not open any of them. \'I\'m sure I\'m not myself, you see.\' \'I don\'t believe it,\' said the Hatter, it woke up again as quickly as she could even make out at all like the.','1974-08-18 04:10:45'),(67,5,28,2,'How funny it\'ll seem, sending presents to one\'s own feet! And how odd the directions will look! ALICE\'S RIGHT FOOT, ESQ. HEARTHRUG, NEAR THE FENDER, (WITH ALICE\'S LOVE). Oh dear, what nonsense I\'m talking!\' Just then she walked off, leaving Alice.','2014-08-23 22:02:03'),(68,3,28,17,'I\'ve nothing to do: once or twice she had not long to doubt, for the Duchess was VERY ugly; and secondly, because she was trying to make the arches. The chief difficulty Alice found at first she thought to herself, as usual. I wonder what they WILL.','1979-08-20 00:08:33'),(69,4,23,9,'Alice to herself. \'Of the mushroom,\' said the others. \'Are their heads down and looked at it, and finding it very hard indeed to make out that part.\' \'Well, at any rate,\' said Alice: \'--where\'s the Duchess?\' \'Hush! Hush!\' said the Rabbit just under.','1983-06-05 09:04:21'),(70,4,36,44,'Alice replied in an offended tone. And she began again. \'I wonder what they WILL do next! As for pulling me out of sight: \'but it sounds uncommon nonsense.\' Alice said to Alice. \'What IS the use of repeating all that stuff,\' the Mock Turtle. \'Very.','2001-07-31 11:38:34'),(71,0,25,36,'I should say \"With what porpoise?\"\' \'Don\'t you mean that you think you might knock, and I had it written up somewhere.\' Down, down, down. There was a long sleep you\'ve had!\' \'Oh, I\'ve had such a tiny little thing!\' said the Cat, as soon as the.','2014-01-13 05:19:50'),(72,5,29,31,'So they sat down with her head!\' Alice glanced rather anxiously at the door with his head!\' or \'Off with her head made her draw back in a hoarse, feeble voice: \'I heard every word you fellows were saying.\' \'Tell us a story.\' \'I\'m afraid I am, sir,\'.','1982-05-14 00:06:03'),(73,4,44,36,'Alice desperately: \'he\'s perfectly idiotic!\' And she went on all the while, and fighting for the baby, the shriek of the table, but it makes rather a hard word, I will tell you my adventures--beginning from this side of WHAT? The other guests had.','2015-04-13 07:45:51'),(74,2,32,19,'Alice the moment she felt that this could not think of any use, now,\' thought poor Alice, that she was up to the jury. \'Not yet, not yet!\' the Rabbit came up to the croquet-ground. The other side of the country is, you see, so many lessons to.','1974-12-08 14:13:21'),(75,1,3,29,'So she began fancying the sort of way to change the subject. \'Go on with the edge of the court, arm-in-arm with the birds hurried off to other parts of the jurymen. \'No, they\'re not,\' said the King hastily said, and went in. The door led right into.','1977-01-21 02:47:36'),(76,5,4,11,'Morcar, the earls of Mercia and Northumbria--\"\' \'Ugh!\' said the Cat. \'I don\'t see any wine,\' she remarked. \'There isn\'t any,\' said the Hatter: \'it\'s very easy to know when the White Rabbit, jumping up and say \"Who am I to get rather sleepy, and.','1998-12-04 21:56:22'),(77,4,10,45,'Rabbit angrily. \'Here! Come and help me out of breath, and till the Pigeon the opportunity of adding, \'You\'re looking for it, you know--\' \'But, it goes on \"THEY ALL RETURNED FROM HIM TO YOU,\"\' said Alice. \'I\'ve so often read in the same size for.','2015-05-09 07:10:44'),(78,1,31,11,'Ma\'am, is this New Zealand or Australia?\' (and she tried hard to whistle to it; but she saw in another moment, splash! she was coming to, but it was very nearly getting up and saying, \'Thank you, sir, for your walk!\" \"Coming in a shrill, passionate.','2008-04-26 18:38:13'),(79,3,6,40,'Alice could see, as she came suddenly upon an open place, with a little hot tea upon its nose. The Dormouse shook itself, and began by producing from under his arm a great hurry; \'and their names were Elsie, Lacie, and Tillie; and they can\'t prove.','1990-03-25 23:21:14'),(80,1,4,26,'Dodo replied very solemnly. Alice was not a VERY unpleasant state of mind, she turned away. \'Come back!\' the Caterpillar seemed to have wondered at this, that she did not like to be found: all she could not stand, and she soon made out the words.','1991-11-19 07:09:30'),(81,1,19,2,'Alice: \'I don\'t think--\' \'Then you may nurse it a bit, if you please! \"William the Conqueror, whose cause was favoured by the officers of the song. \'What trial is it?\' The Gryphon lifted up both its paws in surprise. \'What! Never heard of.','1994-06-04 04:57:19'),(82,5,44,15,'Mock Turtle. \'Hold your tongue, Ma!\' said the Gryphon at the top of his head. But at any rate it would be like, but it is.\' \'Then you keep moving round, I suppose?\' \'Yes,\' said Alice, in a hoarse, feeble voice: \'I heard every word you fellows were.','1977-05-25 18:08:43'),(83,2,45,37,'THEN--she found herself at last it sat for a minute, trying to explain the mistake it had lost something; and she walked down the hall. After a minute or two she walked sadly down the little crocodile Improve his shining tail, And pour the waters.','1986-09-12 23:40:40'),(84,3,39,32,'II. The Pool of Tears \'Curiouser and curiouser!\' cried Alice again, in a more subdued tone, and everybody laughed, \'Let the jury asked. \'That I can\'t take more.\' \'You mean you can\'t be civil, you\'d better leave off,\' said the Duchess; \'and that\'s.','2015-01-06 18:35:36'),(85,5,44,41,'I\'m mad.\' \'I call it sad?\' And she kept on puzzling about it while the rest of the Gryphon, and all must have a prize herself, you know,\' said Alice in a tone of great relief. \'Call the next moment she felt very glad that it felt quite relieved to.','2014-08-18 03:22:30'),(86,4,41,23,'Gryphon. \'It\'s all about it!\' and he poured a little startled by seeing the Cheshire Cat, she was holding, and she dropped it hastily, just in time to see what would be the right way to hear the name \'W. RABBIT\' engraved upon it. She felt very.','1986-07-08 03:56:32'),(87,5,5,19,'Rabbit say, \'A barrowful of WHAT?\' thought Alice; \'I might as well as she was playing against herself, for she thought, \'till its ears have come, or at least one of them can explain it,\' said Alice, a little bird as soon as look at the corners.','2002-11-19 11:13:12'),(88,5,43,24,'When the Mouse was speaking, so that altogether, for the rest of the jurymen. \'No, they\'re not,\' said Alice indignantly. \'Let me alone!\' \'Serpent, I say again!\' repeated the Pigeon, raising its voice to its feet, \'I move that the way down one side.','2014-01-25 00:30:20'),(89,4,34,44,'Dormouse was sitting next to her. \'I wish I hadn\'t cried so much!\' Alas! it was not an encouraging opening for a minute or two, and the cool fountains. CHAPTER VIII. The Queen\'s Croquet-Ground A large rose-tree stood near the looking-glass. There.','2010-12-02 22:35:38'),(90,2,2,29,'For some minutes the whole place around her became alive with the distant green leaves. As there seemed to be no chance of getting her hands up to Alice, and sighing. \'It IS a Caucus-race?\' said Alice; \'I can\'t explain MYSELF, I\'m afraid, but you.','2005-04-23 08:55:42'),(91,4,9,10,'Alice, and tried to curtsey as she came upon a neat little house, on the look-out for serpents night and day! Why, I haven\'t had a VERY unpleasant state of mind, she turned away. \'Come back!\' the Caterpillar seemed to think about stopping herself.','1996-08-05 16:21:49'),(92,5,34,15,'SOME change in my time, but never ONE with such sudden violence that Alice had been to a day-school, too,\' said Alice; \'I daresay it\'s a very difficult game indeed. The players all played at once and put it more clearly,\' Alice replied eagerly, for.','1988-09-23 20:05:58'),(93,1,30,5,'I\'ve got to the Knave. The Knave shook his grey locks, \'I kept all my life!\' Just as she listened, or seemed to rise like a tunnel for some minutes. The Caterpillar and Alice was not going to do anything but sit with its arms folded, frowning like.','2005-10-05 03:27:24'),(94,4,35,15,'Seaography: then Drawling--the Drawling-master was an old Turtle--we used to do:-- \'How doth the little--\"\' and she tried to look over their heads. She felt very glad to find that the Mouse to Alice an excellent plan, no doubt, and very soon.','1998-12-28 07:14:25'),(95,2,19,15,'For some minutes it seemed quite natural); but when the tide rises and sharks are around, His voice has a timid and tremulous sound.] \'That\'s different from what I say--that\'s the same thing with you,\' said Alice, who had been looking at everything.','2017-08-20 07:40:56'),(96,3,12,29,'And here Alice began in a tone of this sort in her French lesson-book. The Mouse only growled in reply. \'Idiot!\' said the King, the Queen, who were lying round the hall, but they were getting so thin--and the twinkling of the conversation. Alice.','1987-10-02 15:24:45'),(97,3,10,28,'Alice. \'I\'ve so often read in the chimney as she could do to hold it. As soon as there was nothing on it (as she had got to come out among the branches, and every now and then; such as, \'Sure, I don\'t keep the same thing with you,\' said the.','1987-02-14 21:16:39'),(98,4,38,13,'I can\'t put it into his cup of tea, and looked at it again: but he could think of what sort it was) scratching and scrambling about in a great crowd assembled about them--all sorts of little pebbles came rattling in at once.\' And in she went. Once.','1997-09-06 08:31:47'),(99,4,18,36,'Hatter continued, \'in this way:-- \"Up above the world she was about a thousand times as large as the door of the legs of the hall: in fact she was going to begin with,\' said the last few minutes to see a little nervous about it in large letters. It.','1999-10-26 21:43:49'),(100,3,27,36,'Alice looked up, but it had entirely disappeared; so the King added in a bit.\' \'Perhaps it hasn\'t one,\' Alice ventured to taste it, and burning with curiosity, she ran off as hard as it was certainly not becoming. \'And that\'s the queerest thing.','2007-09-24 23:25:31'),(101,3,18,20,'Rabbit coming to look about her and to her to speak again. The Mock Turtle\'s heavy sobs. Lastly, she pictured to herself \'Now I can find it.\' And she kept fanning herself all the time he was going on rather better now,\' she said, \'and see whether.','2005-02-12 02:18:18'),(102,4,15,32,'THAT direction,\' the Cat again, sitting on a little bit of mushroom, and crawled away in the wind, and the little golden key was lying on the ground as she spoke. \'I must be collected at once crowded round her at the top with its head, it WOULD.','2016-10-06 18:30:29'),(103,3,44,41,'Lory positively refused to tell its age, there was no time she\'d have everybody executed, all round. \'But she must have been a RED rose-tree, and we won\'t talk about trouble!\' said the Lory, who at last the Mouse, who was a good deal on where you.','1976-11-20 00:35:36'),(104,3,30,39,'Hatter, who turned pale and fidgeted. \'Give your evidence,\' the King and Queen of Hearts were seated on their hands and feet, to make out what it meant till now.\' \'If that\'s all I can kick a little!\' She drew her foot as far down the hall. After a.','1997-05-01 14:55:17'),(105,1,29,26,'I never was so ordered about in the sea!\' cried the Mouse, who was passing at the Footman\'s head: it just grazed his nose, and broke off a little girl,\' said Alice, who always took a minute or two to think this a very respectful tone, but frowning.','1985-11-24 10:23:11'),(106,1,15,31,'I\'ve got back to the Dormouse, who was trembling down to them, and then treading on her hand, watching the setting sun, and thinking of little birds and beasts, as well go back, and see how he did it,) he did with the Lory, with a large cauldron.','1991-07-27 21:33:16'),(107,5,7,43,'Dormouse again, so violently, that she was about a thousand times as large as the jury consider their verdict,\' the King sharply. \'Do you mean that you couldn\'t cut off a bit of mushroom, and her eyes anxiously fixed on it, or at least one of the.','2012-10-06 02:51:35'),(108,2,14,28,'Said his father; \'don\'t give yourself airs! Do you think you could see this, as she said to herself, \'Now, what am I to get through was more hopeless than ever: she sat on, with closed eyes, and feebly stretching out one paw, trying to box her own.','1998-09-17 14:50:27'),(109,5,37,45,'Mock Turtle. So she swallowed one of the Shark, But, when the Rabbit began. Alice thought over all the party went back to the Caterpillar, just as well. The twelve jurors were writing down \'stupid things!\' on their slates, when the White Rabbit.','2012-09-21 12:31:08'),(110,5,33,40,'Dormouse. \'Write that down,\' the King and Queen of Hearts were seated on their throne when they passed too close, and waving their forepaws to mark the time, while the Dodo had paused as if it wasn\'t trouble enough hatching the eggs,\' said the.','2007-02-09 08:02:18'),(111,0,19,34,'I hadn\'t drunk quite so much!\' said Alice, a good deal worse off than before, as the soldiers remaining behind to execute the unfortunate gardeners, who ran to Alice again. \'No, I didn\'t,\' said Alice: \'three inches is such a thing. After a minute.','2016-01-17 22:08:31'),(112,1,39,39,'Mind now!\' The poor little thing sat down and saying \"Come up again, dear!\" I shall remember it in her hands, and she put them into a tidy little room with a bound into the jury-box, or they would call after her: the last word with such a fall as.','1995-05-30 05:29:36'),(113,0,24,39,'Why, there\'s hardly enough of it altogether; but after a minute or two, which gave the Pigeon had finished. \'As if I might venture to ask his neighbour to tell me who YOU are, first.\' \'Why?\' said the Gryphon, \'that they WOULD put their heads.','1984-07-23 05:27:40'),(114,2,3,9,'Alice went on eagerly. \'That\'s enough about lessons,\' the Gryphon hastily. \'Go on with the words all coming different, and then said \'The fourth.\' \'Two days wrong!\' sighed the Hatter. He had been anxiously looking across the field after it, never.','2011-08-16 01:11:55'),(115,0,2,11,'Alice, with a lobster as a cushion, resting their elbows on it, or at least one of the conversation. Alice felt a little anxiously. \'Yes,\' said Alice doubtfully: \'it means--to--make--anything--prettier.\' \'Well, then,\' the Gryphon replied rather.','1970-12-16 03:06:18'),(116,4,39,41,'She took down a large ring, with the tea,\' the March Hare went on. \'We had the door began sneezing all at once. \'Give your evidence,\' the King eagerly, and he went on, yawning and rubbing its eyes, for it flashed across her mind that she was about.','1983-05-28 10:48:04'),(117,5,25,29,'Even the Duchess said to herself, \'to be going messages for a minute or two sobs choked his voice. \'Same as if his heart would break. She pitied him deeply. \'What is it?\' \'Why,\' said the Mock Turtle, suddenly dropping his voice; and Alice could.','1994-01-08 06:44:03'),(118,4,2,9,'He sent them word I had our Dinah here, I know all the way wherever she wanted to send the hedgehog had unrolled itself, and was suppressed. \'Come, that finished the guinea-pigs!\' thought Alice. \'I\'ve read that in some alarm. This time Alice waited.','2018-06-04 10:28:52'),(119,1,40,20,'The Mouse gave a little worried. \'Just about as she could not remember ever having seen in her French lesson-book. The Mouse looked at Alice, and her face like the three gardeners, oblong and flat, with their fur clinging close to her daughter \'Ah.','1999-03-31 01:01:40'),(120,1,5,43,'So she began thinking over all she could see, as well as pigs, and was delighted to find that her idea of the evening, beautiful Soup! Soup of the way--\' \'THAT generally takes some time,\' interrupted the Hatter: \'it\'s very easy to take out of.','1992-03-13 10:44:14'),(121,5,21,18,'All the time she went nearer to make SOME change in my time, but never ONE with such a thing as \"I eat what I see\"!\' \'You might just as I\'d taken the highest tree in the kitchen. \'When I\'M a Duchess,\' she said to live. \'I\'ve seen a rabbit with.','1983-01-10 06:46:48'),(122,3,24,27,'As she said these words her foot as far as they used to know. Let me see--how IS it to make out which were the two creatures, who had not the smallest idea how to get out again. The rabbit-hole went straight on like a mouse, you know. Come on!\' So.','1992-05-19 09:22:50'),(123,0,43,19,'Alice, \'how am I to get out of his head. But at any rate it would not give all else for two Pennyworth only of beautiful Soup? Beau--ootiful Soo--oop! Beau--ootiful Soo--oop! Beau--ootiful Soo--oop! Soo--oop of the officers: but the three gardeners.','1997-09-11 08:35:29'),(124,5,6,28,'Alice indignantly, and she did not venture to say whether the pleasure of making a daisy-chain would be a footman because he taught us,\' said the Lory hastily. \'I don\'t like it, yer honour, at all, at all!\' \'Do as I do,\' said the Mock Turtle with a.','2016-01-23 23:09:40'),(125,4,32,16,'When the sands are all pardoned.\' \'Come, THAT\'S a good deal frightened by this time). \'Don\'t grunt,\' said Alice; not that she wasn\'t a really good school,\' said the Hatter: \'let\'s all move one place on.\' He moved on as he spoke, and the moon, and.','2005-07-27 19:39:49'),(126,3,38,29,'MUST have meant some mischief, or else you\'d have signed your name like an arrow. The Cat\'s head began fading away the time. Alice had been found and handed back to my right size again; and the cool fountains. CHAPTER VIII. The Queen\'s.','2012-08-14 08:15:03'),(127,5,29,31,'But here, to Alice\'s great surprise, the Duchess\'s knee, while plates and dishes crashed around it--once more the pig-baby was sneezing and howling alternately without a great hurry to change the subject of conversation. \'Are you--are you.','1997-12-08 20:48:59'),(128,0,42,24,'The Mouse only growled in reply. \'Idiot!\' said the Duchess: you\'d better ask HER about it.\' (The jury all brightened up at the thought that it might not escape again, and went on muttering over the verses the White Rabbit, trotting slowly back to.','1987-12-07 22:40:41'),(129,1,42,33,'Alice in a hot tureen! Who for such a dreadful time.\' So Alice began in a hurried nervous manner, smiling at everything about her, to pass away the moment he was gone, and, by the way, and the poor little thing sobbed again (or grunted, it was just.','1974-10-17 09:59:57'),(130,1,25,43,'I ought to go through next walking about at the Footman\'s head: it just at present--at least I know all the things I used to say.\' \'So he did, so he with his head!\"\' \'How dreadfully savage!\' exclaimed Alice. \'And be quick about it,\' added the.','1992-11-30 22:27:13'),(131,2,23,41,'Alice, \'when one wasn\'t always growing larger and smaller, and being so many different sizes in a hurry: a large crowd collected round it: there was enough of it in asking riddles that have no notion how long ago anything had happened.) So she.','1985-02-03 01:44:49'),(132,4,2,32,'Either the well was very glad that it might not escape again, and went stamping about, and make one repeat lessons!\' thought Alice; but she had put on his spectacles. \'Where shall I begin, please your Majesty,\' said Alice in a voice outside, and.','1979-10-08 17:31:19'),(133,4,36,11,'As she said to Alice; and Alice was beginning to grow up any more questions about it, you may SIT down,\' the King said, for about the right size for going through the glass, and she heard a little wider. \'Come, it\'s pleased so far,\' said the.','2005-09-25 19:52:08'),(134,5,38,46,'Mouse\'s tail; \'but why do you know what it was: at first was in livery: otherwise, judging by his garden, and marked, with one of the officers of the Queen till she fancied she heard it before,\' said Alice,) and round Alice, every now and then.','2010-05-25 12:55:51'),(135,0,43,23,'The Mouse did not like to drop the jar for fear of their wits!\' So she began: \'O Mouse, do you know that cats COULD grin.\' \'They all can,\' said the Gryphon. \'We can do no more, whatever happens. What WILL become of me?\' Luckily for Alice, the.','1994-11-21 21:18:04'),(136,4,14,17,'Pigeon, raising its voice to its children, \'Come away, my dears! It\'s high time to be treated with respect. \'Cheshire Puss,\' she began, rather timidly, as she added, to herself, \'the way all the things I used to queer things happening. While she.','2001-08-03 00:43:03'),(137,4,13,40,'Tell her to speak good English); \'now I\'m opening out like the wind, and the Queen\'s ears--\' the Rabbit noticed Alice, as she was about a whiting to a mouse: she had never before seen a cat without a moment\'s pause. The only things in the direction.','2004-04-30 09:12:01'),(138,0,38,36,'Alice ventured to say. \'What is it?\' he said, turning to Alice. \'Nothing,\' said Alice. \'I\'m glad I\'ve seen that done,\' thought Alice. \'I\'ve read that in about half no time! Take your choice!\' The Duchess took no notice of her favourite word.','1997-05-11 02:16:38'),(139,2,31,43,'Lizard, Bill, was in such confusion that she was dozing off, and she thought it would like the look of the busy farm-yard--while the lowing of the ground--and I should think you\'ll feel it a bit, if you hold it too long; and that you weren\'t to.','2011-03-16 01:55:40'),(140,0,3,11,'Who for such dainties would not stoop? Soup of the lefthand bit of the house!\' (Which was very uncomfortable, and, as a last resource, she put her hand again, and made a dreadfully ugly child: but it had gone. \'Well! I\'ve often seen a good thing!\'.','1983-02-21 03:22:01'),(141,3,10,13,'Alice, very earnestly. \'I\'ve had nothing yet,\' Alice replied in an offended tone, \'so I should think!\' (Dinah was the cat.) \'I hope they\'ll remember her saucer of milk at tea-time. Dinah my dear! Let this be a comfort, one way--never to be rude, so.','1992-07-30 23:26:05'),(142,2,25,38,'I know!\' exclaimed Alice, who was trembling down to look over their heads. She felt that she let the jury--\' \'If any one of its mouth and yawned once or twice, and shook itself. Then it got down off the top of her childhood: and how she would catch.','1973-01-14 19:54:02'),(143,0,13,1,'See how eagerly the lobsters and the Queen say only yesterday you deserved to be told so. \'It\'s really dreadful,\' she muttered to herself, \'I wonder how many miles I\'ve fallen by this time.) \'You\'re nothing but the Hatter with a kind of serpent.','1998-09-13 12:54:26'),(144,5,4,18,'King, \'or I\'ll have you executed on the other side of the song. \'What trial is it?\' The Gryphon lifted up both its paws in surprise. \'What! Never heard of uglifying!\' it exclaimed. \'You know what a long argument with the name of the hall; but.','2006-07-07 10:00:03'),(145,5,41,1,'I am! But I\'d better take him his fan and gloves, and, as the Caterpillar called after her. \'I\'ve something important to say!\' This sounded promising, certainly: Alice turned and came back again. \'Keep your temper,\' said the Hatter: \'let\'s all move.','1980-05-25 15:41:58'),(146,0,3,45,'Alice, always ready to agree to everything that was said, and went on eagerly: \'There is such a capital one for catching mice--oh, I beg your pardon!\' said the Pigeon. \'I can see you\'re trying to make herself useful, and looking at the place where.','1983-10-12 10:30:34'),(147,3,27,29,'Rabbit was still in sight, hurrying down it. There was a treacle-well.\' \'There\'s no sort of mixed flavour of cherry-tart, custard, pine-apple, roast turkey, toffee, and hot buttered toast,) she very soon had to be a queer thing, to be rude, so she.','2011-09-26 19:59:41'),(148,4,13,19,'Alice; and Alice was so much surprised, that for two Pennyworth only of beautiful Soup? Pennyworth only of beautiful Soup? Pennyworth only of beautiful Soup? Beau--ootiful Soo--oop! Beau--ootiful Soo--oop! Soo--oop of the wood for fear of killing.','1979-07-22 01:12:30'),(149,2,25,41,'Said he thanked the whiting kindly, but he could go. Alice took up the fan and gloves, and, as a partner!\' cried the Mock Turtle would be like, \'--for they haven\'t got much evidence YET,\' she said to herself, as well as she tucked her arm.','1992-02-21 09:37:32'),(150,4,34,32,'I\'ve tried to get to,\' said the Gryphon. \'Well, I should like it very nice, (it had, in fact, I didn\'t know how to begin.\' For, you see, Miss, this here ought to have him with them,\' the Mock Turtle in a minute or two the Caterpillar seemed to.','1978-04-02 09:16:45'),(151,2,11,18,'She was moving them about as much as she picked her way out. \'I shall sit here,\' the Footman continued in the distance, and she jumped up and throw us, with the tea,\' the March Hare. \'Yes, please do!\' but the tops of the what?\' said the Mouse in.','2013-04-12 05:45:21'),(152,4,31,32,'I\'m going to leave the court; but on the floor, and a scroll of parchment in the other. \'I beg pardon, your Majesty,\' said Two, in a very long silence, broken only by an occasional exclamation of \'Hjckrrh!\' from the sky! Ugh, Serpent!\' \'But I\'m NOT.','2012-10-19 00:02:13'),(153,3,2,37,'Wonderland, though she knew she had someone to listen to her. \'I wish I could let you out, you know.\' \'Not the same age as herself, to see it trot away quietly into the Dormouse\'s place, and Alice rather unwillingly took the thimble, saying \'We beg.','2010-03-25 15:23:28'),(154,1,16,46,'And yet I wish I had not attended to this mouse? Everything is so out-of-the-way down here, and I\'m sure I don\'t believe there\'s an atom of meaning in it,\' said Alice, who felt ready to make personal remarks,\' Alice said very humbly; \'I won\'t.','2000-06-29 22:49:36'),(155,4,42,2,'Queen jumped up in such a new pair of the March Hare. \'It was much pleasanter at home,\' thought poor Alice, and she put one arm out of a globe of goldfish she had this fit) An obstacle that came between Him, and ourselves, and it. Don\'t let me hear.','2012-03-25 16:46:34'),(156,2,13,36,'Dormouse; \'VERY ill.\' Alice tried to beat time when I learn music.\' \'Ah! that accounts for it,\' said the Gryphon, and the fall was over. However, when they had been to a farmer, you know, with oh, such long ringlets, and mine doesn\'t go in ringlets.','2013-08-17 13:38:31');
/*!40000 ALTER TABLE `calificaciones` ENABLE KEYS */;
UNLOCK TABLES;

--
-- Table structure for table `especialidades`
--

DROP TABLE IF EXISTS `especialidades`;
/*!40101 SET @saved_cs_client     = @@character_set_client */;
 SET character_set_client = utf8mb4 ;
CREATE TABLE `especialidades` (
  `ID` int(11) NOT NULL,
  `nombre` varchar(100) DEFAULT NULL,
  `ID_RUBRO` int(11) NOT NULL DEFAULT '1',
  PRIMARY KEY (`ID`)
) ENGINE=InnoDB DEFAULT CHARSET=utf8;
/*!40101 SET character_set_client = @saved_cs_client */;

--
-- Dumping data for table `especialidades`
--

LOCK TABLES `especialidades` WRITE;
/*!40000 ALTER TABLE `especialidades` DISABLE KEYS */;
INSERT INTO `especialidades` VALUES (0,'Mudanzas',6),(1,'Yesería',1),(2,'Durlock',1),(3,'Revoques y terminaciones',1),(4,'Paredes y muros - construcción',1),(5,'Calefones ',2),(6,'Termotanques',2),(7,'Calderas - service ',2),(8,'Instalaciones en general',2),(9,'Habilitaciones - Metrogas',2),(10,'Piso Radiante',3),(11,'Losa Radiante',3),(12,'Aire Acondicionado',3),(13,'Colocación de parquet',4),(14,'Colocación de cerámicos',4),(15,'Tarquini, revoques cementicios',4),(16,'Estructuras de aluminio',5),(17,'Cimientos',5),(18,'Estructuras de hormigón',5),(19,'Estructuras de hierro',5),(20,'Volquetes',6);
/*!40000 ALTER TABLE `especialidades` ENABLE KEYS */;
UNLOCK TABLES;

--
-- Table structure for table `especialidades_usuarios`
--

DROP TABLE IF EXISTS `especialidades_usuarios`;
/*!40101 SET @saved_cs_client     = @@character_set_client */;
 SET character_set_client = utf8mb4 ;
CREATE TABLE `especialidades_usuarios` (
  `id` int(11) NOT NULL AUTO_INCREMENT,
  `usuario_id` int(11) DEFAULT NULL,
  `especialidad_id` int(11) DEFAULT NULL,
  PRIMARY KEY (`id`)
) ENGINE=InnoDB DEFAULT CHARSET=utf8;
/*!40101 SET character_set_client = @saved_cs_client */;

--
-- Dumping data for table `especialidades_usuarios`
--

LOCK TABLES `especialidades_usuarios` WRITE;
/*!40000 ALTER TABLE `especialidades_usuarios` DISABLE KEYS */;
/*!40000 ALTER TABLE `especialidades_usuarios` ENABLE KEYS */;
UNLOCK TABLES;

--
-- Table structure for table `mensajes`
--

DROP TABLE IF EXISTS `mensajes`;
/*!40101 SET @saved_cs_client     = @@character_set_client */;
 SET character_set_client = utf8mb4 ;
CREATE TABLE `mensajes` (
  `ID` int(11) NOT NULL AUTO_INCREMENT,
  `USER_ID_1` int(11) NOT NULL,
  `USER_ID_2` int(11) NOT NULL,
  `MENSAJE` text NOT NULL,
  `FECHA_INIT` datetime NOT NULL,
  PRIMARY KEY (`ID`),
  KEY `EMISOR_idx` (`USER_ID_1`),
  KEY `RECEPTOR_idx` (`USER_ID_2`),
  CONSTRAINT `EMISOR` FOREIGN KEY (`USER_ID_1`) REFERENCES `users` (`ID`) ON UPDATE NO ACTION,
  CONSTRAINT `RECEPTOR` FOREIGN KEY (`USER_ID_2`) REFERENCES `users` (`ID`) ON UPDATE NO ACTION
) ENGINE=InnoDB AUTO_INCREMENT=76 DEFAULT CHARSET=utf8;
/*!40101 SET character_set_client = @saved_cs_client */;

--
-- Dumping data for table `mensajes`
--

LOCK TABLES `mensajes` WRITE;
/*!40000 ALTER TABLE `mensajes` DISABLE KEYS */;
INSERT INTO `mensajes` VALUES (1,1,2,'Hola qué hacé','0000-00-00 00:00:00'),(2,1,2,'Necesitaba un presupuesto de','0000-00-00 00:00:00'),(3,3,2,'Lorem Ipsum ','0000-00-00 00:00:00'),(4,1,2,'Lorem Ipsum','0000-00-00 00:00:00'),(5,3,2,'Che','0000-00-00 00:00:00'),(6,11,16,'I know is, something comes at me like that!\' But she did not look at all like the tone of this pool? I am now? That\'ll be a Caucus-race.\'.','1972-04-24 12:58:56'),(7,4,14,'CHAPTER VI. Pig and Pepper For a minute or two. \'They couldn\'t have wanted it much,\' said Alice, who was sitting between them, fast.','1971-09-07 17:12:45'),(8,12,14,'Cat. \'I don\'t even know what it was: at first she would manage it. \'They were obliged to have finished,\' said the Cat; and this was his.','1987-05-15 22:14:54'),(9,9,16,'March Hare said in an offended tone, \'so I can\'t tell you just now what the next thing was to find herself still in sight, hurrying down.','2016-11-13 21:14:05'),(10,11,4,'Said his father; \'don\'t give yourself airs! Do you think you might knock, and I don\'t want to go down the middle, wondering how she would.','1995-04-19 16:12:28'),(11,12,5,'Queen to-day?\' \'I should have liked teaching it tricks very much, if--if I\'d only been the right size again; and the Dormouse said--\' the.','1976-01-16 14:55:57'),(12,7,11,'Queen. \'Their heads are gone, if it please your Majesty,\' he began, \'for bringing these in: but I grow up, I\'ll write one--but I\'m grown.','1993-05-22 13:00:40'),(13,14,12,'I\'m better now--but I\'m a hatter.\' Here the Queen to-day?\' \'I should like to be nothing but the Dormouse fell asleep instantly, and Alice.','2005-09-23 20:38:17'),(14,11,7,'March Hare said in a VERY good opportunity for croqueting one of the lefthand bit. * * * * * * * * * * * * CHAPTER II. The Pool of Tears.','1998-12-23 19:29:36'),(15,10,12,'Duck. \'Found IT,\' the Mouse was bristling all over, and both footmen, Alice noticed, had powdered hair that WOULD always get into her.','1994-07-08 07:14:30'),(16,1,9,'And will talk in contemptuous tones of her own mind (as well as she couldn\'t answer either question, it didn\'t sound at all know whether.','2001-06-12 06:10:22'),(17,12,14,'Alice, feeling very curious to know when the White Rabbit read:-- \'They told me you had been looking over their shoulders, that all the.','1994-08-20 07:21:23'),(18,16,2,'Pig!\' She said it to the dance. Will you, won\'t you, won\'t you, will you, old fellow?\' The Mock Turtle\'s heavy sobs. Lastly, she pictured.','2004-10-18 10:28:39'),(19,13,13,'I was sent for.\' \'You ought to have any pepper in that case I can creep under the sea--\' (\'I haven\'t,\' said Alice)--\'and perhaps you were.','2011-06-23 05:04:07'),(20,15,5,'Alice, who always took a great hurry; \'and their names were Elsie, Lacie, and Tillie; and they all stopped and looked at the end of every.','1984-01-07 23:32:06'),(21,7,4,'YOU are, first.\' \'Why?\' said the Dormouse, who was gently brushing away some dead leaves that lay far below her. \'What CAN all that green.','2003-04-17 19:16:09'),(22,7,16,'CHORUS. (In which the March Hare interrupted in a very poor speaker,\' said the Caterpillar. Alice thought this a very pretty dance,\' said.','1993-04-04 09:15:49'),(23,12,13,'Alice replied, rather shyly, \'I--I hardly know, sir, just at present--at least I mean what I say--that\'s the same size: to be a LITTLE.','1978-06-17 04:56:48'),(24,14,16,'Pigeon in a dreamy sort of a bottle. They all made of solid glass; there was the Duchess\'s cook. She carried the pepper-box in her life.','2009-05-15 17:39:20'),(25,15,12,'Alice in a low curtain she had somehow fallen into the garden, where Alice could speak again. In a little before she found herself in.','2002-04-04 20:31:40'),(26,7,1,'I will prosecute YOU.--Come, I\'ll take no denial; We must have been changed several times since then.\' \'What do you know about it, even if.','2014-07-17 13:45:41'),(27,2,13,'Gryphon, and all of you, and don\'t speak a word till I\'ve finished.\' So they couldn\'t see it?\' So she began thinking over all the same.','1999-01-12 22:22:08'),(28,15,7,'I THINK,\' said Alice. \'Why, there they lay on the trumpet, and then added them up, and began picking them up again as she passed; it was.','2010-05-02 19:10:32'),(29,6,7,'King; and as the Caterpillar called after her. \'I\'ve something important to say!\' This sounded promising, certainly: Alice turned and came.','1988-09-22 09:15:36'),(30,10,6,'When the procession came opposite to Alice, very earnestly. \'I\'ve had nothing yet,\' Alice replied eagerly, for she felt that it was in a.','1975-12-28 05:31:01'),(31,13,13,'There was nothing on it in time,\' said the Lory, who at last it sat for a little of the sort,\' said the March Hare and his friends shared.','2004-11-20 15:20:03'),(32,6,3,'Christmas.\' And she squeezed herself up and throw us, with the bread-and-butter getting so thin--and the twinkling of the Nile On every.','2010-12-20 18:38:55'),(33,1,11,'After a while she ran, as well as she couldn\'t answer either question, it didn\'t sound at all know whether it was growing, and she had.','2005-04-02 10:50:50'),(34,15,11,'Alice alone with the Queen said severely \'Who is it directed to?\' said the Lory positively refused to tell him. \'A nice muddle their.','1987-05-28 12:05:53'),(35,9,1,'Dodo in an offended tone, \'was, that the meeting adjourn, for the first position in which you usually see Shakespeare, in the after-time.','1987-03-09 03:49:54'),(36,4,13,'White Rabbit, who said in a languid, sleepy voice. \'Who are YOU?\' Which brought them back again to the Mock Turtle went on to himself in.','2002-10-29 04:26:13'),(37,3,5,'Caterpillar. \'Not QUITE right, I\'m afraid,\' said Alice, \'and those twelve creatures,\' (she was rather glad there WAS no one else seemed.','1997-08-18 16:14:09'),(38,6,2,'Alice timidly. \'Would you tell me,\' said Alice, \'I\'ve often seen a rabbit with either a waistcoat-pocket, or a serpent?\' \'It matters a.','1992-01-05 10:03:54'),(39,7,11,'Footman, and began smoking again. This time Alice waited patiently until it chose to speak again. In a minute or two, looking for it.','1970-08-22 08:10:44'),(40,7,15,'The Cat only grinned a little timidly: \'but it\'s no use going back to the porpoise, \"Keep back, please: we don\'t want to go! Let me.','2004-05-15 11:29:34'),(41,14,1,'Even the Duchess sang the second time round, she found a little ledge of rock, and, as the question was evidently meant for her. \'Yes!\'.','2016-12-25 14:26:09'),(42,11,15,'Tortoise because he was gone, and, by the Hatter, with an M--\' \'Why with an important air, \'are you all ready? This is the reason so many.','2012-09-28 11:23:12'),(43,9,7,'Gryphon as if he would deny it too: but the Dormouse indignantly. However, he consented to go with Edgar Atheling to meet William and.','1973-07-09 10:16:42'),(44,15,1,'She generally gave herself very good height indeed!\' said the Duck. \'Found IT,\' the Mouse to tell you--all I know all sorts of things, and.','1975-08-01 14:01:25'),(45,1,4,'Alice more boldly: \'you know you\'re growing too.\' \'Yes, but I shall fall right THROUGH the earth! How funny it\'ll seem to see that she.','2011-03-28 12:10:25'),(46,4,2,'Alice began telling them her adventures from the roof. There were doors all round the rosetree; for, you see, Alice had got so much.','2002-04-13 15:18:37'),(47,13,4,'Hatter, \'or you\'ll be asleep again before it\'s done.\' \'Once upon a little nervous about it while the rest of it now in sight, and no more.','1988-08-07 19:34:57'),(48,9,3,'Alice, she went on in a hot tureen! Who for such a noise inside, no one else seemed inclined to say it over) \'--yes, that\'s about the.','1980-07-05 01:08:10'),(49,3,12,'Hatter and the jury wrote it down \'important,\' and some were birds,) \'I suppose they are the jurors.\' She said the young Crab, a little.','1977-11-07 13:17:27'),(50,4,2,'With gently smiling jaws!\' \'I\'m sure I\'m not particular as to bring tears into her eyes--and still as she added, \'and the moral of that.','2012-05-22 06:25:18'),(51,15,12,'Come on!\' \'Everybody says \"come on!\" here,\' thought Alice, \'and if it had come back with the Gryphon. \'The reason is,\' said the Duchess.','2005-10-29 17:11:04'),(52,4,16,'I\'ll be jury,\" Said cunning old Fury: \"I\'ll try the experiment?\' \'HE might bite,\' Alice cautiously replied, not feeling at all a pity. I.','1970-10-07 04:18:13'),(53,4,14,'Alice. \'And be quick about it,\' added the Gryphon, half to Alice. \'Nothing,\' said Alice. \'Then you shouldn\'t talk,\' said the Gryphon as if.','2013-06-05 09:04:50'),(54,3,11,'Queen was in the direction in which case it would like the Mock Turtle, \'but if they do, why then they\'re a kind of serpent, that\'s all I.','2006-03-11 20:46:33'),(55,1,10,'The Fish-Footman began by producing from under his arm a great many teeth, so she tried to curtsey as she passed; it was her turn or not.','2016-06-07 12:54:33'),(56,26,9,'Mouse was bristling all over, and both the hedgehogs were out of it, and yet it was only the pepper that had made out that she let the.','2015-03-10 06:45:07'),(57,1,13,'Pigeon had finished. \'As if I chose,\' the Duchess by this very sudden change, but she remembered having seen such a pleasant temper, and.','2013-09-16 14:10:21'),(58,4,11,'IT. It\'s HIM.\' \'I don\'t know what it was: she was terribly frightened all the players, except the Lizard, who seemed to be a book of rules.','1995-07-08 04:13:06'),(59,13,1,'Mouse, in a very small cake, on which the wretched Hatter trembled so, that he shook both his shoes on. \'--and just take his head sadly.','1998-03-31 18:17:30'),(60,20,3,'Time!\' \'Perhaps not,\' Alice cautiously replied, not feeling at all fairly,\' Alice began, in rather a handsome pig, I think.\' And she.','2014-05-26 00:54:19'),(61,6,1,'And she thought to herself. (Alice had no idea what you\'re at!\" You know the way out of the baby, and not to make out at the sides of it.','2009-09-20 01:29:01'),(62,21,4,'Mock Turtle said: \'advance twice, set to work, and very neatly and simply arranged; the only difficulty was, that her flamingo was gone.','2014-09-16 23:20:34'),(63,4,7,'I don\'t care which happens!\' She ate a little girl or a serpent?\' \'It matters a good many voices all talking together: she made out that.','1999-03-31 15:42:01'),(64,22,18,'It\'s enough to get hold of its mouth, and its great eyes half shut. This seemed to Alice an excellent opportunity for repeating his.','2009-06-23 02:27:05'),(65,20,12,'Mock Turtle yawned and shut his eyes.--\'Tell her about the temper of your nose-- What made you so awfully clever?\' \'I have answered three.','2011-07-04 17:53:51'),(66,14,7,'Caterpillar. This was not here before,\' said Alice,) and round the refreshments!\' But there seemed to be ashamed of yourself,\' said Alice.','2003-05-15 04:01:15'),(67,15,21,'I\'m not looking for eggs, I know I have done that, you know,\' said the Duchess, as she could, for the accident of the edge of her sister.','1995-01-06 19:09:19'),(68,21,9,'March Hare meekly replied. \'Yes, but I hadn\'t quite finished my tea when I find a pleasure in all their simple sorrows, and find a thing,\'.','1991-06-12 16:22:04'),(69,22,12,'THAT. Then again--\"BEFORE SHE HAD THIS FIT--\" you never tasted an egg!\' \'I HAVE tasted eggs, certainly,\' said Alice loudly. \'The idea of.','1986-11-25 04:47:16'),(70,12,19,'The twelve jurors were writing down \'stupid things!\' on their slates, and then the puppy jumped into the book her sister kissed her, and.','1985-03-08 23:16:15'),(71,22,27,'I was sent for.\' \'You ought to eat the comfits: this caused some noise and confusion, as the doubled-up soldiers were always getting up.','1996-10-05 08:10:40'),(72,11,14,'Alice, \'shall I NEVER get any older than you, and must know better\'; and this was her turn or not. So she set off at once set to work, and.','1983-03-19 01:39:26'),(73,4,4,'Improve his shining tail, And pour the waters of the jurymen. \'No, they\'re not,\' said the White Rabbit put on his spectacles. \'Where shall.','2001-10-23 08:59:49'),(74,28,14,'Alice went on for some time without interrupting it. \'They were learning to draw,\' the Dormouse went on, \'--likely to win, that it\'s.','2002-12-19 06:22:47'),(75,18,3,'DOTH THE LITTLE BUSY BEE,\" but it was a bright brass plate with the next verse.\' \'But about his toes?\' the Mock Turtle, \'they--you\'ve seen.','1982-10-31 08:19:46');
/*!40000 ALTER TABLE `mensajes` ENABLE KEYS */;
UNLOCK TABLES;

--
-- Table structure for table `rubros`
--

DROP TABLE IF EXISTS `rubros`;
/*!40101 SET @saved_cs_client     = @@character_set_client */;
 SET character_set_client = utf8mb4 ;
CREATE TABLE `rubros` (
  `ID` int(11) NOT NULL AUTO_INCREMENT,
  `NOMBRE_RUBRO` varchar(45) NOT NULL,
  PRIMARY KEY (`ID`),
  UNIQUE KEY `NOMBRE_UNIQUE` (`NOMBRE_RUBRO`)
) ENGINE=InnoDB AUTO_INCREMENT=7 DEFAULT CHARSET=utf8;
/*!40101 SET character_set_client = @saved_cs_client */;

--
-- Dumping data for table `rubros`
--

LOCK TABLES `rubros` WRITE;
/*!40000 ALTER TABLE `rubros` DISABLE KEYS */;
INSERT INTO `rubros` VALUES (1,'Albañileria'),(5,'Estructuras'),(2,'Instalaciones de Gas'),(3,'Instalaciones Electricas'),(4,'Pisos y Revestimientos'),(6,'Transporte, carga y descarga');
/*!40000 ALTER TABLE `rubros` ENABLE KEYS */;
UNLOCK TABLES;

--
-- Table structure for table `users`
--

DROP TABLE IF EXISTS `users`;
/*!40101 SET @saved_cs_client     = @@character_set_client */;
 SET character_set_client = utf8mb4 ;
CREATE TABLE `users` (
  `ID` int(11) NOT NULL AUTO_INCREMENT,
  `USER_NAME` varchar(45) DEFAULT NULL,
  `email` varchar(45) NOT NULL,
  `NOMBRE` varchar(45) DEFAULT NULL,
  `APELLIDO` varchar(45) DEFAULT NULL,
  `DNI` varchar(45) DEFAULT NULL,
  `password` varchar(100) DEFAULT NULL,
  `remember_token` varchar(100) DEFAULT NULL,
  `avatar` longtext,
  `esTrabajador` tinyint(4) NOT NULL DEFAULT '1',
  PRIMARY KEY (`ID`),
  UNIQUE KEY `EMAIL_UNIQUE` (`email`),
  UNIQUE KEY `USER_NAME_UNIQUE` (`USER_NAME`)
) ENGINE=InnoDB AUTO_INCREMENT=47 DEFAULT CHARSET=utf8;
/*!40101 SET character_set_client = @saved_cs_client */;

--
-- Dumping data for table `users`
--

LOCK TABLES `users` WRITE;
/*!40000 ALTER TABLE `users` DISABLE KEYS */;
INSERT INTO `users` VALUES (1,'carlangas','pascual@gmail.com','carlos','pascual',NULL,'$2y$10$vkaafuCfpO5RHRXinSs/UuKxtyiWoXEKIQX.4HSNOxsZ3aI3w9bie',NULL,'R7LT1loBfVT64Drd13xQAiMudVDGf2gbtEGRKw4S.jpeg',1),(2,'Pepo','pepe@gmail.com','pepe','argento','12323212','$2y$10$GD6pxdFo3hL7ZUd6fuZJuu.NX2MOvrdipfcfXX3wSUOovMQbk0B/a',NULL,'plomero1.jpg',1),(3,'PEPE123','pepeargento@gmail.com','Pepe','argento','32675273','$2y$10$PFlq9xpJoFH0VuHd7w4gqexCnnlMJvu3qZ38z0/CjZ9NPxJtG161O',NULL,'EfvpAMnHXXz8kKPjgcRA8ExSDcBiLE1sftFfZFoX.jpeg',1),(4,'IJASDJAHS','sanata@gmail.com','CARLOS','SANATA','32123321','$2y$10$CK1xuQ2gGRXMxDrVfXgYOe.JsPyfE/0yuy/OsjmCtLQRQS1utM6Ni',NULL,'rW2QMBz8NNR2oRrcxYhjIEAHsckzVigKxOM33Ud3.jpeg',1),(5,'IJASDJAHS22','sanatita@gmail.com','CARLA','SANATero','32123354','$2y$10$ikDO1iMxNVMgRB5cVOGaeuQqF5Hps1SRlMnMwWoQYQilbEm7cLLD.',NULL,'qLTAQoMh9V8LpExyf4hLoLl5Wgv0nEjgZ3cBIojj.jpeg',1),(6,'IJASDJAHS21','carlos@papas.com','CARLANGAS','SANATero','32123312','$2y$10$dtR5Ye9dgM1P2biwGkqRLuW6rDcJSaFRZYIz0jNRyDicUTN74iAdG',NULL,'q1ml7ssB9gK8QdjYSXsG6Tagbjt61i8Nq6YMAIRt.jpeg',1),(7,'Julieta23','julirada@gmail.com','Julieta','Rada','23456786','$2y$10$1G6hR6OLp3fW883EwBPwwuN2qgYm6M2G/gizU0eLuB2sRk5YvtAfC',NULL,'elDjmKN5DMqgXnzgJL6H0nbHh36X4ikUgohAGEWP.jpeg',1),(9,'Julietita','julietita@gmail.com','Julieta','Rada','21543765','$2y$10$i4s0cPg.XYMoJX1lv5e.L.NWs4mJowiUi/MpRx9gFk6MkHMFexwUy',NULL,'plomero1.jpg',1),(10,'Pedrito54','elpedrito@gmail.com','Pedro','Grasi','43567765','$2y$10$sUROrEynQUS2HV53Pb6oa.XQ8i85FguAdVkFP1y8YtSj1kfh1gIIm',NULL,'Mula2yo6titY5AK8sBexx8PMbOlFcjFW99NzrxMt.jpeg',1),(11,'Master32','marianito@gmail.com','Mariano','Caraballo','32720676','$2y$10$M56FuhM6aQwEgZvmzru5f.9C.h27nhmeVX1xQ/snIZ7aHC.z7H/hm',NULL,NULL,1),(12,NULL,'aver@gmail.com',NULL,NULL,NULL,'$2y$10$4yeWOYQ.ad9ViKFQIeS44.vbe8.AvV1hWrLZZaDd9Pp4cjbEXI02u','EcdlGCkEe3qbFFQcpNKstGv1bnWdT9x6NPgOibW1BqrL3WV70N2eoPkaaPxZ',NULL,1),(13,'LocoLopez','locolopez@gmail.com',NULL,NULL,NULL,'$2y$10$158iavcLTMQPOK94vt1Qy.NOWSvNUVatVW08CUoXvglaM3DsfRbg2',NULL,NULL,1),(14,'bjhorseman','bojack@gmail.com','Bojack','Horseman',NULL,'$2y$10$L6VtVB/8b5oNcbFP2Q9bd.CgS0VPHQfruMqFLgAYulpWU8b2Boh5S',NULL,'3m4QdzrgJH383sRpw7WK526b4hdHTZlSyx5QmH0Z.jpeg',1),(15,'PCaroline','caroline@gmail.com','Princess','Caroline',NULL,'$2y$10$oMCJvbOsWCN0wigZu2N/F.JQLJAEV9taXWwrmXv292XswxeN47FX6',NULL,NULL,1),(16,'diane','dnguyen@gmail.com','Diane','Nguyen',NULL,'$2y$10$OZMC8FqnAapXCxsz4OCtYO/UIKYHUtqxnHPXTq3hZpbDr9l6YRBKa','1QVrRbYET4nUn4A3PrrAThNCVk4FUTrKpUDMLbdPWuetl4u4FfjCtThrClQ9',NULL,1),(17,'Mr. Nigel Beahan MD','helen66@example.net','Geovanny Kutch PhD','Dayna Mante Sr.',NULL,'$2y$10$TKh8H1.PfQx37YgCzwiKb.KjNyWgaHb9cbcoQgdIVFlYg7B77UdFm','EFNRsowdla',NULL,1),(18,'Prof. Jimmy Bruen','felicita.graham@example.org','Gracie Medhurst','Cydney Satterfield III',NULL,'$2y$10$TKh8H1.PfQx37YgCzwiKb.KjNyWgaHb9cbcoQgdIVFlYg7B77UdFm','yWKSGAsWQg',NULL,1),(19,'Karianne Blick','ebba.harris@example.net','Mrs. Nicole West V','Vida Purdy',NULL,'$2y$10$TKh8H1.PfQx37YgCzwiKb.KjNyWgaHb9cbcoQgdIVFlYg7B77UdFm','xbdbMvB6yv',NULL,1),(20,'Adeline Donnelly V','adolphus.price@example.net','Neil Hansen','Jewel Prohaska',NULL,'$2y$10$TKh8H1.PfQx37YgCzwiKb.KjNyWgaHb9cbcoQgdIVFlYg7B77UdFm','D0nj2KeQEu',NULL,1),(21,'Deonte Hansen','shayne.little@example.com','Aubrey Hauck','Ms. Gertrude Cassin DDS',NULL,'$2y$10$TKh8H1.PfQx37YgCzwiKb.KjNyWgaHb9cbcoQgdIVFlYg7B77UdFm','UDUqYFSqiV',NULL,1),(22,'Hunter Lesch','mbecker@example.com','Austyn Heaney','Ramiro Fahey Jr.',NULL,'$2y$10$TKh8H1.PfQx37YgCzwiKb.KjNyWgaHb9cbcoQgdIVFlYg7B77UdFm','TxKDlrM92p',NULL,1),(23,'Rosalinda Langosh','rosamond.kovacek@example.com','Prof. Eldon Kuhic','Dr. Tyler Dickinson Sr.',NULL,'$2y$10$TKh8H1.PfQx37YgCzwiKb.KjNyWgaHb9cbcoQgdIVFlYg7B77UdFm','1ESR99YPY1',NULL,1),(24,'Ada Hagenes','carlee.carroll@example.com','Ms. Zelma Harvey','Summer Schiller V',NULL,'$2y$10$TKh8H1.PfQx37YgCzwiKb.KjNyWgaHb9cbcoQgdIVFlYg7B77UdFm','zyYPpHUH6P',NULL,1),(25,'Abbey Christiansen','darrion.collins@example.net','Xander Casper I','Dr. Colton Lind V',NULL,'$2y$10$TKh8H1.PfQx37YgCzwiKb.KjNyWgaHb9cbcoQgdIVFlYg7B77UdFm','j458ojvWeN',NULL,1),(26,'Twila Cassin','trystan.morar@example.org','Emie Conn','Hugh Bruen',NULL,'$2y$10$TKh8H1.PfQx37YgCzwiKb.KjNyWgaHb9cbcoQgdIVFlYg7B77UdFm','B8djqbLA0RMHgMXmMNBfCtXx4fskldxvQBmSzKzquKk49ipvVfgnR7HsNjSi',NULL,1),(27,'felipa78','marguerite.kertzmann@example.com','Dante','Miller',NULL,'$2y$10$TKh8H1.PfQx37YgCzwiKb.KjNyWgaHb9cbcoQgdIVFlYg7B77UdFm','9sVuCY2Uox',NULL,1),(28,'kaelyn.rowe','ethelyn.daugherty@example.org','Abigale','Collins',NULL,'$2y$10$TKh8H1.PfQx37YgCzwiKb.KjNyWgaHb9cbcoQgdIVFlYg7B77UdFm','FRkfvrN3Sn',NULL,1),(29,'flo.von','djones@example.com','Amanda','Homenick',NULL,'$2y$10$TKh8H1.PfQx37YgCzwiKb.KjNyWgaHb9cbcoQgdIVFlYg7B77UdFm','lPXbbTgZfy',NULL,1),(30,'tcarroll','otilia.halvorson@example.com','Kolby','Pfannerstill',NULL,'$2y$10$TKh8H1.PfQx37YgCzwiKb.KjNyWgaHb9cbcoQgdIVFlYg7B77UdFm','d88IWOP7xB',NULL,1),(31,'rosemary12','tamara71@example.com','Lauryn','Boehm',NULL,'$2y$10$TKh8H1.PfQx37YgCzwiKb.KjNyWgaHb9cbcoQgdIVFlYg7B77UdFm','Z9tmwsQldv',NULL,1),(32,'dwalter','ihilpert@example.org','Cary','Thiel',NULL,'$2y$10$TKh8H1.PfQx37YgCzwiKb.KjNyWgaHb9cbcoQgdIVFlYg7B77UdFm','tlUuZptb5s',NULL,1),(33,'zkling','alda21@example.com','Mara','Thompson',NULL,'$2y$10$TKh8H1.PfQx37YgCzwiKb.KjNyWgaHb9cbcoQgdIVFlYg7B77UdFm','PHRPeCpoww',NULL,1),(34,'ara.beatty','albina.funk@example.net','Leland','West',NULL,'$2y$10$TKh8H1.PfQx37YgCzwiKb.KjNyWgaHb9cbcoQgdIVFlYg7B77UdFm','jHhXdveaxk',NULL,1),(35,'guadalupe.satterfield','lbarrows@example.com','Marlon','Lesch',NULL,'$2y$10$TKh8H1.PfQx37YgCzwiKb.KjNyWgaHb9cbcoQgdIVFlYg7B77UdFm','Y9lkBRuQGO',NULL,1),(36,'wleuschke','melvin.kertzmann@example.net','Johnpaul','Friesen',NULL,'$2y$10$TKh8H1.PfQx37YgCzwiKb.KjNyWgaHb9cbcoQgdIVFlYg7B77UdFm','FWhu6CNSEu',NULL,1),(37,'fnikolaus','gibson.otis@example.org','Anika','Armstrong',NULL,'$2y$10$TKh8H1.PfQx37YgCzwiKb.KjNyWgaHb9cbcoQgdIVFlYg7B77UdFm','jyEz98Rm0e',NULL,1),(38,'mberge','lavina.witting@example.com','Lesly','Donnelly',NULL,'$2y$10$TKh8H1.PfQx37YgCzwiKb.KjNyWgaHb9cbcoQgdIVFlYg7B77UdFm','rIbh2wJtAk',NULL,1),(39,'brandt.considine','princess.konopelski@example.org','Harold','Schultz',NULL,'$2y$10$TKh8H1.PfQx37YgCzwiKb.KjNyWgaHb9cbcoQgdIVFlYg7B77UdFm','Ge0oFQz6J0',NULL,1),(40,'grimes.joshua','desmond31@example.org','Paula','Terry',NULL,'$2y$10$TKh8H1.PfQx37YgCzwiKb.KjNyWgaHb9cbcoQgdIVFlYg7B77UdFm','kxoy7Xlf9U',NULL,1),(41,'horacio.heaney','hudson.vladimir@example.org','Marianna','Kris',NULL,'$2y$10$TKh8H1.PfQx37YgCzwiKb.KjNyWgaHb9cbcoQgdIVFlYg7B77UdFm','q3CQAdKMwz',NULL,1),(42,'alessandra.littel','anais.nitzsche@example.net','Edwardo','Spencer',NULL,'$2y$10$TKh8H1.PfQx37YgCzwiKb.KjNyWgaHb9cbcoQgdIVFlYg7B77UdFm','FfzKIBKxgH',NULL,1),(43,'rodriguez.braulio','hilario25@example.com','Rozella','Schiller',NULL,'$2y$10$TKh8H1.PfQx37YgCzwiKb.KjNyWgaHb9cbcoQgdIVFlYg7B77UdFm','ardiCts9TD',NULL,1),(44,'coby.king','dorthy13@example.net','Brittany','Marquardt',NULL,'$2y$10$TKh8H1.PfQx37YgCzwiKb.KjNyWgaHb9cbcoQgdIVFlYg7B77UdFm','URaXlrg9Jr',NULL,1),(45,'dianna24','philpert@example.net','Gloria','Johnston',NULL,'$2y$10$TKh8H1.PfQx37YgCzwiKb.KjNyWgaHb9cbcoQgdIVFlYg7B77UdFm','z2oBYxyO0c',NULL,1),(46,'pascale75','bernita66@example.org','Craig','Fritsch',NULL,'$2y$10$TKh8H1.PfQx37YgCzwiKb.KjNyWgaHb9cbcoQgdIVFlYg7B77UdFm','JBodbYqOlu',NULL,1);
/*!40000 ALTER TABLE `users` ENABLE KEYS */;
UNLOCK TABLES;

--
-- Table structure for table `usuario_rubro`
--

DROP TABLE IF EXISTS `usuario_rubro`;
/*!40101 SET @saved_cs_client     = @@character_set_client */;
 SET character_set_client = utf8mb4 ;
CREATE TABLE `usuario_rubro` (
  `ID` int(11) NOT NULL AUTO_INCREMENT,
  `USUARIO_ID` int(11) NOT NULL,
  `RUBRO_ID` int(11) NOT NULL,
  `orden` varchar(45) DEFAULT NULL,
  PRIMARY KEY (`ID`),
  KEY `USUARIO_ID_idx` (`USUARIO_ID`),
  KEY `RUBRO_ID_idx` (`RUBRO_ID`),
  CONSTRAINT `RUBRO_ID` FOREIGN KEY (`RUBRO_ID`) REFERENCES `rubros` (`ID`) ON UPDATE NO ACTION,
  CONSTRAINT `USUARIO_ID_2` FOREIGN KEY (`USUARIO_ID`) REFERENCES `users` (`ID`) ON UPDATE NO ACTION
) ENGINE=InnoDB AUTO_INCREMENT=24 DEFAULT CHARSET=utf8;
/*!40101 SET character_set_client = @saved_cs_client */;

--
-- Dumping data for table `usuario_rubro`
--

LOCK TABLES `usuario_rubro` WRITE;
/*!40000 ALTER TABLE `usuario_rubro` DISABLE KEYS */;
INSERT INTO `usuario_rubro` VALUES (4,4,1,'1'),(6,6,2,'1'),(7,7,2,'1'),(8,9,2,'1'),(9,10,1,'1'),(10,11,2,'1'),(11,12,1,'1'),(12,12,3,'2'),(13,13,2,'1'),(14,13,3,'2'),(15,14,4,'1'),(16,2,3,'1'),(18,3,1,'2'),(20,1,3,'2'),(21,5,3,'1'),(22,5,4,'2'),(23,4,4,'2');
/*!40000 ALTER TABLE `usuario_rubro` ENABLE KEYS */;
UNLOCK TABLES;

--
-- Table structure for table `usuario_zona`
--

DROP TABLE IF EXISTS `usuario_zona`;
/*!40101 SET @saved_cs_client     = @@character_set_client */;
 SET character_set_client = utf8mb4 ;
CREATE TABLE `usuario_zona` (
  `ID` int(11) NOT NULL AUTO_INCREMENT,
  `USUARIO_ID` int(11) NOT NULL,
  `ZONA_ID` int(11) NOT NULL,
  PRIMARY KEY (`ID`),
  KEY `USUARIO_ID_idx` (`USUARIO_ID`),
  KEY `ZONA_ID_idx` (`ZONA_ID`),
  CONSTRAINT `USUARIO_ID` FOREIGN KEY (`USUARIO_ID`) REFERENCES `users` (`ID`) ON DELETE NO ACTION ON UPDATE NO ACTION,
  CONSTRAINT `ZONA_ID` FOREIGN KEY (`ZONA_ID`) REFERENCES `zonas` (`ID`) ON UPDATE NO ACTION
) ENGINE=InnoDB AUTO_INCREMENT=36 DEFAULT CHARSET=utf8;
/*!40101 SET character_set_client = @saved_cs_client */;

--
-- Dumping data for table `usuario_zona`
--

LOCK TABLES `usuario_zona` WRITE;
/*!40000 ALTER TABLE `usuario_zona` DISABLE KEYS */;
INSERT INTO `usuario_zona` VALUES (1,1,1),(2,2,2),(3,3,1),(4,4,2),(5,5,1),(6,6,2),(7,7,1),(8,9,2),(9,10,1),(10,1,2),(11,2,1),(12,12,1),(13,13,2),(14,14,3),(15,15,4),(16,16,1),(17,17,2),(18,18,3),(19,19,4),(20,20,1),(21,21,2),(22,22,3),(23,23,4),(24,24,1),(25,25,2),(26,20,3),(27,21,4),(28,22,1),(29,23,2),(30,24,3),(31,25,4),(32,26,1),(33,27,2),(34,19,3),(35,20,4);
/*!40000 ALTER TABLE `usuario_zona` ENABLE KEYS */;
UNLOCK TABLES;

--
-- Table structure for table `zonas`
--

DROP TABLE IF EXISTS `zonas`;
/*!40101 SET @saved_cs_client     = @@character_set_client */;
 SET character_set_client = utf8mb4 ;
CREATE TABLE `zonas` (
  `ID` int(11) NOT NULL AUTO_INCREMENT,
  `NOMBRE_ZONA` varchar(45) NOT NULL,
  PRIMARY KEY (`ID`),
  UNIQUE KEY `nombre_UNIQUE` (`NOMBRE_ZONA`)
) ENGINE=InnoDB AUTO_INCREMENT=5 DEFAULT CHARSET=utf8;
/*!40101 SET character_set_client = @saved_cs_client */;

--
-- Dumping data for table `zonas`
--

LOCK TABLES `zonas` WRITE;
/*!40000 ALTER TABLE `zonas` DISABLE KEYS */;
INSERT INTO `zonas` VALUES (4,'Zona Centro'),(1,'Zona Norte'),(3,'Zona Oeste'),(2,'Zona Sur ');
/*!40000 ALTER TABLE `zonas` ENABLE KEYS */;
UNLOCK TABLES;

--
-- Dumping routines for database 'concreta'
--
/*!40103 SET TIME_ZONE=@OLD_TIME_ZONE */;

/*!40101 SET SQL_MODE=@OLD_SQL_MODE */;
/*!40014 SET FOREIGN_KEY_CHECKS=@OLD_FOREIGN_KEY_CHECKS */;
/*!40014 SET UNIQUE_CHECKS=@OLD_UNIQUE_CHECKS */;
/*!40101 SET CHARACTER_SET_CLIENT=@OLD_CHARACTER_SET_CLIENT */;
/*!40101 SET CHARACTER_SET_RESULTS=@OLD_CHARACTER_SET_RESULTS */;
/*!40101 SET COLLATION_CONNECTION=@OLD_COLLATION_CONNECTION */;
/*!40111 SET SQL_NOTES=@OLD_SQL_NOTES */;

-- Dump completed on 2018-12-08 18:14:36
